timestamp,lat,lon,mag_lat,mag_lon,mag_lt,aurora_observed,cloud_cover_pct,wind_speed_kmh,rel_humidity_pct,precipitation_mm
2014-10-01 08:21:34.818216+00:00,25.04167188210374,55.15484675519375,19.985358068068933,128.13750568030866,12.12954210514028,False,0,13.8,35,0.0
2014-10-02 13:47:29.552583+00:00,35.87413187546514,-106.31864826448822,44.15532362059415,-39.10030536334706,6.438991095126736,False,0,7.9,72,0.0
2014-10-08 18:09:23.114761+00:00,35.977794051428695,-106.0875978020242,44.29847120853775,-38.83187625722913,10.782292082430589,True,99,9.5,16,0.0
2014-10-08 18:11:38.395952+00:00,35.858267306020494,-106.33536318032095,44.13607144211503,-39.11584929155544,10.763360546808835,True,100,10.0,21,0.0
2014-10-08 18:15:51.473713+00:00,35.86940661228386,-106.3362134605038,44.14718142498295,-39.11836098525707,10.76319310056206,True,100,10.0,21,0.0
2014-10-08 18:26:38.159900+00:00,35.668716408619154,-105.94847003349892,44.00959484409857,-38.623022368205525,10.796215675032162,True,100,12.7,14,0.0
2014-10-13 22:24:04.504263+00:00,39.27393600447299,-76.61808647008007,48.82512220154449,0.7485551222266191,17.35407076229776,True,78,3.3,91,0.0
2014-10-13 22:25:09.098188+00:00,38.90494381531754,-77.03755155849987,48.51852744622946,0.1381593869278012,17.313377713277838,True,99,3.3,83,0.0
2014-10-13 22:28:05.790090+00:00,38.96159283619536,-76.5050353952096,48.5082125176812,0.8800211799977231,17.362835166149168,True,84,2.8,90,0.0
2014-10-16 00:11:27.137858+00:00,-89.99999999999997,2.9999999999999907,-74.293716267751,19.02465874223672,20.54961474784797,True,100,2.5,62,0.0
2014-10-22 01:10:40.044918+00:00,-82.8797525749837,-135.09297894447892,-71.92809070496455,-3.636890797256196,20.0530118641762,False,64,28.0,65,0.0
2014-10-22 19:06:17.624720+00:00,35.878203663646914,-106.31916467073016,44.15802443900786,-39.09316218224613,11.50778749532781,False,60,5.8,40,0.0
2014-10-22 22:32:06.907449+00:00,64.10585859608231,-16.044471198100453,63.637494541743735,70.15727500785971,22.212607612960795,False,95,3.8,84,0.0
2014-10-22 22:33:03.386281+00:00,64.11376123221326,-16.017557191565377,63.6430135828749,70.1836188097301,22.21436386641882,False,95,3.8,84,0.0
2014-10-26 03:19:21.325739+00:00,35.87630955434626,-106.33003158628168,44.15406060470168,-39.10467611926981,19.26954784228634,False,1,5.2,44,0.0
2014-10-26 03:27:27.567488+00:00,35.81717036163387,-106.2019892010742,44.115884743593845,-38.94205622391374,19.28038916864341,True,1,6.3,39,0.0
2014-10-27 20:05:23.397773+00:00,66.55501876544614,19.78205132279181,63.63633045511674,100.25660723949282,22.002067999012823,True,0,19.0,76,0.0
2014-10-27 23:44:19.055780+00:00,66.60534808655517,19.79352323960399,63.688282661941656,100.29465727580664,1.4437910884380685,True,0,14.8,83,0.0
2014-10-28 07:16:00.982887+00:00,62.30835162753584,-150.1381400616031,62.14588447983678,-93.40552377575816,19.800845183692616,True,91,7.4,46,0.0
2014-10-29 10:17:26.921292+00:00,63.92434827460085,-21.98936946720236,64.19435057097576,65.18428371001951,23.099745789345068,True,3,13.0,69,0.0
2014-10-29 20:00:07.805137+00:00,35.87977155499895,-106.3173784259913,44.15944714806069,-39.088316567933006,12.462944270759971,False,0,8.9,16,0.0
2014-10-30 23:11:47.018971+00:00,43.33086777650352,-8.410863851413952,37.22390504512068,69.21353778561878,22.86454323623401,False,18,12.8,77,0.0
2014-10-30 23:12:28.085543+00:00,43.34771490025853,-8.406488841109562,37.24720705267499,69.22041561487016,22.8650017581841,False,18,12.8,77,0.0
2014-10-31 05:00:56.507385+00:00,29.064195253118893,-110.9733318066197,36.39173942076181,-43.47512166516662,21.3139663440821,False,9,7.8,58,0.0
2014-10-31 08:08:20.872535+00:00,59.27668927123533,-2.9917045713002763,56.90262506703356,78.23223304521791,20.55474864730178,True,100,32.3,91,0.4
2014-10-31 08:58:20.046395+00:00,66.48300976886397,25.708733162595568,63.36701416781341,105.10280193577104,22.31516302834352,True,0,10.2,92,0.0
2014-10-31 09:06:16.493829+00:00,62.3007821602572,-150.15864857403892,62.13453558609483,-93.41754371843824,21.311328476262528,True,10,7.0,54,0.0
2014-10-31 09:48:34.522856+00:00,62.30485372407057,-150.12706468738668,62.14433486447941,-93.39221088214327,22.768822439908803,True,10,7.0,57,0.0
2014-10-31 10:14:00.793993+00:00,62.33325493036891,-150.0862038105745,62.18093791257888,-93.371328621087,23.019813305745217,True,18,5.7,58,0.0
2014-10-31 12:58:41.178067+00:00,61.76008539839169,-149.3392722127888,61.72174227835293,-92.4314857730899,22.58640496759484,True,23,5.9,77,0.0
2014-11-01 01:00:34.814921+00:00,38.90098001286625,-77.04471891876003,48.51068281778188,0.1345367923398727,20.02300127879457,False,74,5.4,69,0.0
2014-11-01 15:11:15.887443+00:00,56.77469149934063,60.54074879602377,53.32365989020848,134.03781709381363,19.500990436339343,False,99,5.6,97,0.1
2014-11-01 17:08:45.798837+00:00,12.917547587681312,77.60519777245538,6.115159061602526,150.69333512909498,22.47414479691693,False,96,5.4,81,0.0
2014-11-01 18:46:29.309519+00:00,46.73976934343813,18.506000408117423,41.74137015565512,92.67120307082358,20.028126955303897,True,77,3.2,88,0.0
2014-11-01 18:47:33.518480+00:00,46.74401103646986,18.525207001097364,41.74716657115607,92.68921975641578,20.029328067676712,True,77,3.2,88,0.0
2014-11-01 22:17:01.170680+00:00,60.19180984296093,25.12107716782052,56.81284945086882,101.90468960253853,0.0480073611218827,False,99,17.3,71,0.0
2014-11-02 20:57:56.038669+00:00,66.6478575643619,66.34019006820165,63.05688183549144,141.29381710915047,21.38281459529233,True,100,11.4,81,0.0
2014-11-03 11:45:16.736627+00:00,64.82762260676375,-147.72342236701073,65.17002168701873,-92.71118455450404,0.89643465392877,True,2,13.5,64,0.0
2014-11-03 11:52:57.142191+00:00,64.83265897469593,-147.75314589446023,65.1699718154872,-92.74032141627328,0.8944921964774881,True,2,13.5,64,0.0
2014-11-03 12:01:33.850764+00:00,64.82952833125337,-147.77075253382722,65.1636632559848,-92.7538116947998,0.8935928445757177,True,4,13.6,65,0.0
2014-11-03 22:30:38.096474+00:00,-22.921594957667764,-43.20730805534564,-20.367509759163184,23.918674268960032,19.08600267404661,True,4,11.2,57,0.0
2014-11-04 11:13:04.727123+00:00,61.2131972788112,-149.92850217251524,61.05117812204777,-92.67625470097016,0.3742398172741286,True,51,4.2,81,0.0
2014-11-04 14:48:53.905567+00:00,64.82606073905923,-147.76060269719875,65.16191107117635,-92.74223538362553,20.384997650005666,True,2,4.3,70,0.0
2014-11-04 17:59:02.358343+00:00,64.83203904100951,-147.852081259621,65.15200138024284,-92.82575236491503,4.858334671883584,True,4,3.0,68,0.0
2014-11-05 18:30:09.223947+00:00,64.84722084051549,-147.8147302114679,65.17418528933861,-92.80176435457888,3.932139563258554,True,6,7.5,85,0.0
2014-11-05 18:48:27.643235+00:00,53.89360796794729,-2.194082254211374,50.51714163066301,76.90488140903057,19.202556493167982,False,3,6.1,82,0.0
2014-11-05 20:38:30.127618+00:00,-41.16817496349461,146.1780127836597,-51.95822260800702,-134.57593828730845,21.317659416847057,True,100,10.4,72,0.0
2014-11-06 21:26:42.965055+00:00,64.84024698254443,-147.8565930849415,65.15970952337001,-92.83337143220716,5.550725848484226,True,11,15.3,58,0.0
2014-11-06 21:33:21.680832+00:00,35.20142362488059,-106.66671421793733,43.41394062796753,-39.4147080781573,14.110621777639524,False,0,7.9,17,0.0
2014-11-07 19:22:20.261714+00:00,64.85319569989473,-147.84274881968932,65.17545988199514,-92.82886057487995,18.82365838543712,True,4,13.8,69,0.0
2014-11-08 09:44:59.245209+00:00,64.82991833429651,-147.75576248116153,65.16685684433935,-92.73760546550058,21.871074832489107,True,2,12.4,68,0.0
2014-11-10 10:13:23.726263+00:00,44.41585261147198,26.068362946056663,39.41660039686723,99.26092439940602,12.147009974219078,False,90,6.6,76,0.0
2014-11-10 14:54:14.671742+00:00,61.59237487915642,-149.12760608136008,61.587003295102456,-92.15702090124256,1.4884047320172191,True,94,7.2,94,1.1
2014-11-10 23:45:37.315662+00:00,43.1195860135877,-70.94533896672442,51.70307556194307,8.838916576040589,19.281543194506195,False,49,6.6,79,0.0
2014-11-11 01:37:11.985484+00:00,43.37420248352346,-72.10891797076006,52.15472103537963,7.291140859182587,21.25372528948836,False,61,7.6,84,0.0
2014-11-11 03:33:35.788361+00:00,-41.38672822410884,146.59471437748857,-52.14529459338951,-133.99172147203677,21.373882271100666,True,48,3.6,40,0.0
2014-11-11 03:34:39.334860+00:00,-41.384408717927926,146.62292059946114,-52.13927366188432,-133.95757577731317,21.376158650748906,True,48,3.6,40,0.0
2014-11-11 22:47:13.411322+00:00,69.4510573515718,25.28872384185804,66.4148171006093,106.52884304551154,1.042157342127446,True,1,10.2,84,0.0
2014-11-11 22:56:27.885684+00:00,69.44344694502477,25.29959932769817,66.40670878507262,106.53253580747491,1.0424035262583369,True,1,10.2,86,0.0
2014-11-11 23:27:07.903311+00:00,40.864757031746606,-77.80426300773468,50.49713211103815,-0.7714947853785704,18.38510153161692,False,0,8.1,75,0.0
2014-11-12 00:54:34.848754+00:00,43.28880056287522,-70.9912429145249,51.8778174992022,8.793030466434697,20.551309222154742,False,21,10.4,97,0.0
2014-11-13 08:43:18.365715+00:00,61.55617025171627,23.095398905448207,58.289487312878165,100.67174437657104,23.992547338817104,True,95,11.8,87,0.0
2014-11-14 00:37:42.526387+00:00,68.33125716964385,18.81547543631108,65.51792461642015,100.55636523069184,1.6283546423694055,True,37,3.6,76,0.0
2014-11-14 09:45:14.194532+00:00,61.202639511980514,-150.01685190738766,61.02475045372971,-92.74228852705718,22.608612952296102,True,58,4.5,87,0.0
2014-11-14 17:02:54.749985+00:00,40.77792227541792,-77.86652185229445,50.41895477305325,-0.863760595464723,11.906821564576257,False,100,19.4,39,0.0
2014-11-14 19:13:46.673740+00:00,68.35263301465152,18.77835360437239,65.54162800686925,100.5403827653168,21.21195382779952,True,90,8.2,74,0.0
2014-11-14 22:41:07.080196+00:00,53.89553545747155,-2.210859694865981,50.51979738171105,76.89083158431566,9.91748762638763,False,65,6.9,99,0.0
2014-11-15 04:44:50.872544+00:00,47.714063755587055,-91.95085102995418,57.50169860164298,-20.90590894298221,22.556572087594187,True,0,11.9,61,0.0
2014-11-15 06:07:01.265544+00:00,46.94472531517588,-80.05892176363909,56.59260371264841,-3.600399915611043,0.240536468810415,True,88,11.9,88,0.0
2014-11-15 08:48:02.416270+00:00,61.275673504673016,-149.59136282348953,61.176644306023846,-92.40550878941748,22.14981372965092,True,16,7.6,88,0.0
2014-11-15 09:10:37.203026+00:00,61.285493067716686,-149.61895762623087,61.18182249921794,-92.43436179201056,22.147890196144715,True,47,7.6,88,0.0
2014-11-15 10:36:09.606679+00:00,61.57990626427854,-149.1396992639053,61.57210706879256,-92.15848217279924,23.90836376200034,True,53,5.8,47,0.0
2014-11-15 18:49:52.382378+00:00,58.28499693055518,-134.45014235374853,61.07014019488712,-76.80504846704892,0.4172958702737936,True,0,6.5,50,0.0
2014-11-16 02:36:38.055911+00:00,78.90091067601037,11.816751294384678,76.47830001165038,107.76416876662574,22.40986354519053,True,89,18.8,74,0.0
2014-11-16 03:11:57.407119+00:00,65.10140634942067,-147.4837790535058,65.4935631943116,-92.66286712157344,16.185796833535047,True,3,6.7,69,0.0
2014-11-16 04:48:38.562868+00:00,47.70477213659987,-91.95532538780726,57.49231466351742,-20.91155292070609,22.81885485989296,True,20,11.6,66,0.0
2014-11-16 06:34:58.776666+00:00,61.17944989083168,-150.0158476763057,61.00102434069736,-92.72919171061878,19.89601368738976,True,82,7.0,84,0.0
2014-11-16 07:32:01.864458+00:00,51.80744988169975,-113.26760323069514,58.8514488546009,-50.57712317586245,22.177713502572303,True,10,30.1,69,0.0
2014-11-16 09:13:58.860583+00:00,64.88682929885665,-147.455490313956,65.2783506083404,-92.5039617040218,22.38507426779776,True,0,6.4,64,0.0
2014-11-16 11:10:14.906185+00:00,61.52958285769993,-149.06498918909924,61.53367692138988,-92.06761855404817,0.4415712601570476,True,21,6.3,41,0.0
2014-11-16 11:15:18.254118+00:00,58.28229861617346,-134.44194648618583,61.069081471357066,-76.7950034643562,23.43233815044213,True,53,8.8,57,0.0
2014-11-16 21:41:28.454283+00:00,64.11314879320886,-21.976563727196066,64.39767336743022,65.29757597395768,20.783714349797545,True,99,5.8,95,0.0
2014-11-17 22:58:31.509767+00:00,69.45642565203467,25.25951958895168,66.42167145061893,106.50726919338445,21.830704436682822,True,96,7.4,82,0.0
2014-11-18 10:36:32.876859+00:00,38.8273003955588,-104.853257707959,47.36446170259406,-37.6612187388121,3.542911231011427,False,0,7.2,55,0.0
2014-11-18 11:40:53.075721+00:00,61.19517981694535,-150.05101359451234,61.01105371013461,-92.76604412301928,0.9287479361428002,True,72,13.6,89,0.0
2014-11-18 11:59:44.089494+00:00,61.19560315271721,-150.0569561389559,61.010426810468914,-92.77142319357831,0.9283893314388648,True,72,13.6,89,0.0
2014-11-19 10:04:30.967078+00:00,64.11677588261958,-21.85414888958396,64.384801621708,65.40052907210266,9.899600130076792,False,94,22.5,90,0.1
2014-11-19 12:58:57.534549+00:00,61.20122448002771,-150.05503336762007,61.01661519297292,-92.77183253719734,1.4621355334743722,True,8,15.5,77,0.0
2014-11-20 02:15:49.167706+00:00,65.66783889975613,-18.130575020796297,65.59814970062706,69.41226846902188,0.0199291178198848,True,63,8.2,92,0.0
2014-11-21 04:32:23.866163+00:00,44.74807590093096,-73.47208199407612,53.71407725307804,5.548929353362781,23.509023235063857,False,0,15.6,69,0.0
2014-11-21 17:15:37.527834+00:00,69.43887012103765,25.272238834636187,66.40365139663142,106.50475103218643,19.48685931028714,True,47,7.6,95,0.0
2014-11-21 18:44:57.307708+00:00,40.7812076388136,-77.89552682305957,50.42338918790249,-0.9014843252045432,13.9264459830335,False,100,13.8,34,0.0
2014-11-21 18:49:14.372412+00:00,33.84586748603297,-117.90325520174524,39.96020957994561,-51.98589762017775,10.520818430035286,True,0,1.1,64,0.0
2014-11-21 18:50:21.224683+00:00,44.025569334365976,-93.0177247819038,53.86054223773205,-22.288964963974152,12.50061394044886,True,37,28.1,61,0.0
2014-11-21 19:02:23.834447+00:00,40.79348212983641,-77.88620956432429,50.4342852115889,-0.8875760801293396,14.164665815221188,True,100,13.5,33,0.0
2014-11-22 01:18:37.457822+00:00,44.73943984965248,-73.45793111485239,53.70328188570858,5.567942595004406,18.986039528992794,False,10,10.5,59,0.0
2014-11-23 20:58:56.265901+00:00,69.63077163513599,18.94170038325907,66.85079141060419,101.55559969451652,22.661786616575665,True,5,7.2,89,0.0
2014-11-24 08:46:03.192535+00:00,29.20406745350673,-99.8048280966728,38.42272125699979,-30.499291877997216,2.040250662827402,False,0,22.3,48,0.0
2014-11-25 03:24:40.477423+00:00,35.217698886695075,-106.63772393474396,43.434222825765794,-39.37471370131897,19.95951342358606,False,1,19.0,36,0.0
2014-11-26 18:15:35.384229+00:00,68.40427233885299,27.364710897337385,65.28468284373173,107.55394629814312,20.424637400362823,False,13,9.9,95,0.0
2014-11-28 00:54:12.164448+00:00,58.28539160470491,-134.42167424774456,61.07613339654297,-76.76878444326655,14.470086651766731,False,0,12.6,46,0.0
2014-11-28 07:57:43.423066+00:00,70.03278487363549,20.903628438766848,67.17703412086595,103.41219188329916,22.752541263096305,True,91,13.7,89,0.0
2014-11-28 07:59:49.145026+00:00,70.00805963816778,20.955206206462243,67.14962857611295,103.43499787936769,22.754061662834204,True,91,13.7,89,0.0
2014-11-29 16:52:36.428537+00:00,58.29804456131649,-134.45675444631698,61.08167923426667,-76.80878390542675,6.798203832277657,False,2,5.4,44,0.0
2014-11-30 08:54:20.496823+00:00,68.58993660691905,15.37433338869066,65.94356745155687,97.97374861850898,2.102305385121703,True,30,7.9,92,0.0
2014-11-30 09:19:35.941850+00:00,58.23570331898832,-6.687895671713075,55.9946929945201,74.8382820931593,22.04817561841682,True,92,4.5,91,0.0
2014-11-30 22:06:23.139138+00:00,69.64499199857518,18.95457012394875,66.86512878880782,101.57419371232136,20.927131758392925,True,10,8.0,91,0.0
2014-11-30 22:08:06.216566+00:00,70.02946734850218,20.95591487272229,67.17159306583723,103.45057138371068,18.59779546308653,True,32,16.6,73,0.0
2014-12-01 06:51:57.512832+00:00,49.89520395004308,-97.16432488964357,59.25409319076098,-28.55182131489484,14.657002983703189,False,0,18.2,60,0.0
2014-12-02 13:51:55.398465+00:00,51.78738635970464,-114.12006498607666,58.67456409442141,-51.62545489954722,1.0950526317303133,True,94,9.7,74,0.0
2014-12-06 19:24:01.649678+00:00,59.31593313703248,18.040953978460283,55.992724620255785,95.51972257310824,17.61554234282564,True,100,6.3,99,0.0
2014-12-06 20:57:10.179776+00:00,59.32680469101744,18.060614610476943,56.00414004504555,95.54030233096688,21.66780815161232,True,100,7.0,98,0.0
2014-12-06 20:58:16.805995+00:00,59.314781910998136,18.05798212144776,55.99112103128329,95.53373307348946,21.66737020111382,True,100,7.0,98,0.0
2014-12-06 21:18:42.834129+00:00,67.91849776759152,26.49622601963028,64.81681484856638,106.5471968768513,22.161681797644928,True,9,15.5,89,0.0
2014-12-10 00:12:18.664991+00:00,48.39836098054151,10.74547259896578,43.52622538761162,86.17992960459165,23.45321804349544,False,88,6.0,92,0.0
2014-12-10 06:42:20.448763+00:00,53.54185719911871,-113.49662038951053,60.5211075517153,-51.321340540186846,1.3726783898546362,True,99,21.7,73,0.0
2014-12-12 09:40:12.795124+00:00,51.75761344134142,-114.4392376781902,58.58534432108702,-52.00751779763571,0.5445571475079767,True,90,15.9,86,0.0
2014-12-12 09:40:51.953613+00:00,51.75398948589558,-114.4422788278996,58.58119441938986,-52.01033104877323,0.5443695974321408,True,90,15.9,86,0.0
2014-12-12 09:43:27.678371+00:00,61.99588585786365,-149.98910220631018,61.85071326185131,-93.0901584601686,22.76714282216556,False,75,5.9,87,0.0
2014-12-12 20:50:05.759998+00:00,10.983276133279215,76.71780271359552,3.9427911779298057,149.76897479789423,1.7109145396542615,True,100,8.1,92,0.0
2014-12-12 22:13:17.579807+00:00,13.0675777282582,80.27162369887733,6.184820986586459,153.33492807332635,3.163126031272484,True,97,9.5,87,0.0
2014-12-14 23:48:10.512803+00:00,66.82478763778373,28.633125878902224,63.64163830217892,107.71556622321324,1.340619880610504,True,88,13.0,95,0.0
2014-12-15 01:11:53.029584+00:00,51.770457881408326,-114.11355665688932,58.65799960419627,-51.60657709304265,0.5589731822265911,True,0,1.5,79,0.0
2014-12-15 09:11:56.024400+00:00,68.63822953995735,27.4857017205358,65.51999837146391,107.79147029637195,11.658561945220011,False,100,18.0,87,0.0
2014-12-15 14:52:30.135051+00:00,61.1732628472918,-150.0327153324547,60.992565426722464,-92.7235089337011,3.66760610008445,True,86,10.4,88,0.4
2014-12-15 17:20:34.297607+00:00,13.724875883208954,100.52176250907178,6.530856116873565,173.2720203815577,0.0115661921246683,True,0,7.2,68,0.0
2014-12-16 18:49:16.162261+00:00,66.47605688582607,25.701940237889115,63.3628662919929,105.08382881123156,20.564440912487065,False,98,12.6,96,0.0
2014-12-18 06:14:29.270842+00:00,49.89892958465502,-97.14087250927145,59.25702315055245,-28.5101300150388,20.77336039449017,False,1,7.2,80,0.0
2014-12-19 07:05:11.999981+00:00,51.77530443752275,-114.12227708042016,58.66077337822196,-51.61600921529549,22.489814631546025,True,92,11.7,85,0.0
2014-12-19 16:12:09.367345+00:00,35.86703453997393,-106.30687465970226,44.14500909577811,-39.05302578636503,8.778740174117214,False,18,9.3,68,0.0
2014-12-20 01:58:23.074863+00:00,45.25159189648342,-75.94854450287349,54.533410143843824,2.155818122957538,20.872212337983704,False,0,8.7,83,0.0
2014-12-20 09:32:20.612945+00:00,51.78431448070509,-114.13010772313068,58.66815085988425,-51.627448088735925,1.475898057152916,True,0,11.6,80,0.0
2014-12-20 12:09:40.647764+00:00,61.49335931977517,-149.04147545809013,61.50157936087625,-92.0086336675284,1.369174177231498,True,95,4.7,88,0.0
2014-12-20 14:11:59.355507+00:00,64.8318258907723,-147.75302831200506,65.170676194779,-92.70762634044,3.3913490149578305,False,0,10.8,84,0.0
2014-12-20 21:52:54.072935+00:00,40.54577094617457,-74.3648821800502,49.73350593569369,3.982606183954784,16.89218281449985,False,99,2.5,60,0.0
2014-12-21 00:53:58.846984+00:00,69.62938967718819,18.93425672494796,66.8509715202146,101.540716883818,23.640535287555124,True,3,6.4,79,0.0
2014-12-21 00:55:17.258221+00:00,69.64413627786188,18.92154725059971,66.86666731128214,101.54137181531644,23.64057894965502,True,3,6.4,79,0.0
2014-12-21 03:58:12.702009+00:00,40.56136891904266,-74.35202724400936,49.74671195815456,4.001630232916504,23.18551126049036,False,82,5.4,77,0.0
2014-12-21 06:02:38.575894+00:00,30.788161511174923,106.07371454109538,25.47744405735135,179.29388145018746,13.323436492415594,False,0,10.5,32,0.0
2014-12-21 06:03:47.009453+00:00,30.800612461453767,106.07706262039537,25.490797863745584,179.29784591603956,13.323700790139068,False,0,10.5,32,0.0
2014-12-21 08:33:34.544963+00:00,61.50279614702322,-149.04892371168958,61.509999672931485,-92.01927354871532,21.814499668202025,True,96,4.4,74,0.0
2014-12-21 09:02:37.658921+00:00,61.49335701919342,-149.00917068611807,61.5074352727255,-91.97976764748408,21.817133394950773,True,95,4.2,63,0.0
2014-12-22 03:39:10.632542+00:00,43.701706280661725,-80.37960678583758,53.47110324151714,-4.214373284172983,20.70422177159217,True,93,8.4,78,0.0
2014-12-22 09:06:38.143172+00:00,51.78845969780339,-114.65101818389638,58.57578501218214,-52.27176192637511,20.780297670401964,True,76,13.6,67,0.0
2014-12-22 10:22:17.410299+00:00,62.80515601105096,17.916504580318886,59.75331931067035,96.81420701200406,23.3172262794694,True,100,20.3,87,0.4
2014-12-22 10:25:16.924009+00:00,62.81173858403084,17.88666953380247,59.76128019629486,96.79231465237964,23.315766788827773,True,100,20.3,87,0.4
2014-12-23 08:14:09.854204+00:00,60.30164298276151,24.94198434747197,56.93408182509736,101.78147230125926,10.230712038005928,False,83,9.0,85,0.0
2014-12-23 17:47:24.975213+00:00,67.8436069256554,20.55368188379079,64.94530813302333,101.6378998404446,19.610103159792704,False,70,5.7,85,0.0
2014-12-24 00:36:17.104926+00:00,48.194907693247735,-116.56111254540149,54.63966590202119,-53.67001290392005,21.50938872792709,True,100,5.5,80,0.0
2014-12-24 00:42:45.747456+00:00,48.20079853526142,-116.55381183157752,54.64696456448901,-53.66280809743618,21.50986904835935,True,100,5.5,80,0.0
2014-12-24 03:02:49.069763+00:00,55.13573862634342,-8.145097720166103,52.45057846523156,72.52623937325245,23.16759403480541,True,43,41.8,66,0.0
2014-12-24 13:55:57.275366+00:00,64.9520349869566,-19.02876978685692,64.92673478285715,68.2153026661416,13.840380597937749,True,80,8.9,92,0.0
2014-12-24 18:01:16.226083+00:00,68.64870538063646,27.523523843168,65.53013787550582,107.82681591281832,19.37363835239909,True,100,9.3,86,0.0
2014-12-24 18:25:47.657788+00:00,67.83820049296436,20.55792694130083,64.93960777574388,101.63773073522482,19.60297077695441,True,11,8.7,77,0.0
2014-12-24 19:11:28.841645+00:00,65.5779245950347,19.166360249488097,62.64106626010987,99.20087379399985,19.223747485021043,True,36,10.8,77,0.0
2014-12-24 19:26:38.623562+00:00,67.78523001560406,24.7598185621879,64.73602817220487,105.035450439685,20.96225818485708,True,100,7.7,82,0.0
2014-12-24 20:38:29.141240+00:00,67.90273799129479,26.45047280711023,64.80328520296675,106.49618548758814,21.059640521383955,True,100,7.7,84,0.0
2014-12-24 20:59:29.096066+00:00,66.75470757306009,28.747843953301967,63.56789486083564,107.773204309652,22.57132623833252,True,100,8.5,86,0.0
2014-12-24 22:41:01.493521+00:00,65.5734193586145,19.1730418252704,62.6361087068934,99.20393970564837,21.521003127840657,True,13,11.6,76,0.0
2014-12-25 10:28:04.568090+00:00,68.37193525343679,23.620847024708457,65.37542354583921,104.46118471731954,17.214222548534607,True,95,10.9,82,0.0
2014-12-25 11:41:23.896883+00:00,70.97074251970209,25.922025283029303,67.93186696844722,108.11497049385434,20.25485881673451,True,99,20.5,79,0.0
2014-12-25 17:57:05.971530+00:00,59.06838432302302,18.34463358756441,55.71771485990236,95.68675445448466,19.199188095821075,False,2,15.7,64,0.0
2014-12-26 06:39:46.770507+00:00,52.01471797696561,-113.95670444439602,58.927338896393536,-51.46864767782112,22.436439713693545,True,73,14.8,85,0.0
2014-12-26 07:42:18.957789+00:00,51.638177673983854,-114.17072542970988,58.51557295485598,-51.63688773543299,23.475077236057235,True,71,13.0,86,0.0
2014-12-26 23:13:42.402348+00:00,64.09789483683426,-21.92899990190783,64.3695768471553,65.31681241222465,21.670117216318552,True,45,9.5,90,0.0
2014-12-26 23:24:56.304105+00:00,63.41646537167132,-19.05928585283144,63.24008613547189,67.29842437535211,22.2970634744371,True,24,17.3,69,0.0
2014-12-27 15:02:07.692242+00:00,67.7966071453491,24.743814977365407,64.74837230749925,105.02838131978054,17.455642672261476,False,100,5.2,81,0.0
2014-12-27 23:17:39.971086+00:00,68.36960517785076,18.726243261178443,65.56323224463738,100.49806158076974,0.7517548051961818,True,57,5.3,82,0.0
2014-12-28 18:22:24.631060+00:00,66.4768953886858,25.718561200941725,63.36397535198863,105.09564863287416,20.02568436549119,False,100,4.9,84,0.0
2014-12-28 22:50:12.306162+00:00,65.5805668910112,19.146119594939822,62.6447247564661,99.18473270802592,0.1605826699077432,True,15,8.4,84,0.0
2014-12-29 00:07:45.721470+00:00,69.63164629319985,18.921238591858625,66.8542386757212,101.52966706404275,22.36644369830081,True,100,12.6,76,0.0
2014-12-29 17:40:17.682464+00:00,60.44472117519954,26.212228298414285,57.06920308103589,102.93144259285542,19.4381231819812,True,97,6.1,87,0.0
2014-12-29 22:38:41.027658+00:00,64.69553117730678,-20.89072281982705,64.8856814733306,66.52700663103599,21.238260204511384,True,78,18.7,95,0.1
2014-12-30 00:09:02.733068+00:00,65.67505818341091,-18.12846713299589,65.60172815156645,69.40590753675552,23.418867739231587,True,65,13.0,81,0.0
2014-12-30 06:25:17.424743+00:00,56.72610545861306,-111.38314344975818,63.9989893559232,-49.48841228976954,21.98655856913435,True,40,14.4,78,0.0
2014-12-30 13:12:56.529693+00:00,46.07867497001723,-88.6703791602829,56.0121154368962,-16.097549412874773,5.269407078333325,False,10,14.2,81,0.0
2014-12-30 20:44:43.414780+00:00,67.64339991398012,24.8711852683722,64.58746236379136,105.0422578374356,22.10718197376284,True,100,12.4,94,0.0
2014-12-30 21:51:36.825700+00:00,68.81608950345306,27.275967805779608,65.70804892252653,107.72558693934192,23.006976021342105,True,73,13.8,89,0.0
2014-12-30 22:37:55.607269+00:00,67.78222476957139,24.75923261249035,64.73333452990693,105.03177323238825,0.0438098328447935,True,88,13.0,95,0.0
2014-12-31 21:00:44.990081+00:00,67.77904767094178,24.80079512620524,64.72879373914536,105.0638220258,22.823162257163496,False,100,9.7,91,0.3
2015-01-01 23:50:43.474132+00:00,64.30652292005053,-20.1516537047926,64.36248936480558,66.90423500913963,22.978965297074915,True,99,3.8,91,0.0
2015-01-02 14:48:02.335133+00:00,68.81676711037535,27.25813198898737,65.70946500474594,107.71076898252964,23.234978030373007,True,100,7.4,95,0.0
2015-01-02 15:22:15.296002+00:00,61.1843155092783,-150.03427072279032,61.00423075440101,-92.71979854956996,4.447173237902126,True,1,4.8,76,0.0
2015-01-02 18:50:51.725901+00:00,69.39823533983018,18.59324873587545,66.62948455176063,101.0977988926787,19.950243585052945,True,100,8.7,93,0.0
2015-01-02 21:38:40.343836+00:00,60.81645328022645,14.118618630858515,57.73264474434948,92.7993960274869,22.23497760613393,True,31,23.5,56,0.0
2015-01-02 21:40:17.647080+00:00,60.67326442579664,13.717490185531414,57.58975213418022,92.40735401448104,21.967346116454955,True,29,22.8,60,0.0
2015-01-02 22:13:55.618338+00:00,64.0852158245964,-21.879349375855423,64.34816996360738,65.34834851743496,19.682230170658297,True,78,17.3,70,0.0
2015-01-02 23:04:31.052706+00:00,67.83659786295347,20.212861968892128,64.95191558774931,101.35427696065156,0.2729392031906883,False,100,8.5,92,0.2
2015-01-03 01:15:06.233967+00:00,64.09154978909282,-21.89536569890226,64.35727402363369,65.33862260739869,23.12109662237064,True,75,13.5,79,0.3
2015-01-03 08:52:47.002096+00:00,68.39417792058164,18.65549025493976,65.591980779433,100.45552119365142,22.745385950544904,True,100,6.9,91,0.0
2015-01-03 22:39:44.707847+00:00,68.3883656640277,18.632167924892347,65.58706333529857,100.43247613688722,23.95892084114421,False,94,5.2,94,0.0
2015-01-04 09:37:32.675427+00:00,61.080032044264776,-149.69678198735656,60.9570371209722,-92.3749074177546,22.14718426074728,True,26,2.7,84,0.0
2015-01-04 09:38:22.901140+00:00,61.08959141647633,-149.69582661113023,60.96708346241438,-92.37862099541552,22.146936688903217,True,26,2.7,84,0.0
2015-01-04 09:51:05.389590+00:00,61.19325291056197,-149.76386573286962,61.06194138105538,-92.48753155555973,22.862157092351563,True,2,2.6,77,0.0
2015-01-04 09:52:53.396769+00:00,64.83670665886324,-147.89665740617033,65.15082623350419,-92.8270929662936,22.117038557511343,True,0,11.2,70,0.0
2015-01-04 13:16:53.437081+00:00,61.11851590336427,-149.9119127828764,60.95813914708785,-92.58103588587252,2.250067951645743,True,36,1.8,75,0.0
2015-01-04 14:27:10.968284+00:00,61.173310105816014,-149.90695237854396,61.01565293725351,-92.60282249637964,3.265289007942682,True,36,0.8,72,0.0
2015-01-04 14:28:39.410421+00:00,61.18249788534365,-149.90257184126665,61.0259333564354,-92.6033906315636,3.265251132263753,True,0,1.8,72,0.0
2015-01-04 14:36:05.992481+00:00,61.30056207614423,-149.59520475522166,61.20309815887953,-92.39164605979065,3.7622761291169935,True,0,1.8,77,0.0
2015-01-04 16:20:12.407780+00:00,61.16576661448866,-149.89454375396417,61.01008216063323,-92.58836043088807,5.305670671888104,True,0,2.2,76,0.0
2015-01-04 16:33:01.387551+00:00,63.798843992707845,20.29999428301862,60.73413440884653,99.25033977142772,17.449905575326646,True,15,12.0,74,0.0
2015-01-05 00:06:27.791511+00:00,61.229062341096274,10.414151418779117,58.32304736772312,89.91395689797503,23.994913228988864,True,0,8.4,90,0.0
2015-01-05 03:42:29.103711+00:00,58.296447287821366,-134.44885350670677,61.08094446317115,-76.77918199813779,17.399439722707925,False,0,14.0,49,0.0
2015-01-05 06:31:22.733891+00:00,56.72061970487327,-111.40713210417348,63.98897489784338,-49.51579143099208,21.38038930149956,True,36,15.6,77,0.0
2015-01-05 08:47:15.181375+00:00,61.60188338218912,-149.74395895962766,61.48773396149218,-92.66776049311102,21.63746138646688,True,0,1.8,73,0.0
2015-01-05 08:58:35.693603+00:00,61.59906618315173,-149.7429279350073,61.48500698242607,-92.66547612401276,21.878637554900124,True,0,1.8,73,0.0
2015-01-06 15:18:29.082298+00:00,59.6367396574132,12.567970407228524,56.49024907653117,91.03713357589136,16.664055348749017,True,100,16.4,90,0.2
2015-01-06 17:27:13.913841+00:00,67.5945465086899,33.63974771021756,64.30907272329459,112.32788911587394,9.24966919237821,True,99,7.9,81,0.0
2015-01-06 18:37:07.833055+00:00,67.84508366360598,20.196846120036746,64.96156874537775,101.34539837079166,21.10948694330547,True,100,19.3,85,0.0
2015-01-07 09:34:38.474460+00:00,62.3148522864819,-150.11822000371245,62.15832930132399,-93.34932902827168,21.083215164272616,True,69,12.6,68,0.0
2015-01-07 09:43:35.269388+00:00,61.62159573723461,-149.82555127031284,61.49349967534496,-92.74780511242362,22.573763366571228,True,20,1.3,66,0.0
2015-01-07 12:54:20.554535+00:00,61.214526044683424,-149.9228721566829,61.05536443665376,-92.6353717661128,23.82734224154307,True,9,3.3,64,0.0
2015-01-07 13:09:46.449266+00:00,60.4786506883019,-151.08156957021552,60.08730130103882,-93.2991401984191,19.7994587866912,True,55,11.0,57,0.0
2015-01-07 21:48:42.444248+00:00,61.13963018224795,-149.72624614506807,61.01327051863545,-92.42792747875237,0.3650883578051687,True,5,4.8,76,0.0
2015-01-07 21:52:32.200084+00:00,61.139899243773584,-149.73706745423593,61.01160318376634,-92.43750654684968,0.6303475536396643,True,5,4.8,76,0.0
2015-01-07 22:14:50.297078+00:00,67.83642612164809,20.547247296478417,64.93912615971003,101.62340692677678,16.668947552149046,False,99,5.4,93,0.0
2015-01-08 07:23:38.582242+00:00,61.135519358848704,-149.74806955280314,61.00510079618849,-92.44502480820492,0.8973097542151987,True,100,6.0,68,0.0
2015-01-09 00:01:06.499603+00:00,39.990102881375954,-105.27852710289432,48.45757388907192,-38.321931883233866,16.177708000176388,False,0,9.5,76,0.0
2015-01-09 02:18:39.564667+00:00,61.21733286631245,-149.90234278660844,61.06195606425189,-92.61920888801713,21.63115971781295,True,99,7.3,88,0.5
2015-01-09 09:18:19.065745+00:00,59.00062146544642,17.773619335859323,55.65562149328864,95.17532418564636,23.849744217212105,True,58,15.9,93,0.0
2015-01-09 21:37:12.623383+00:00,-89.99999999999997,2.9999999999999907,-74.29919455531567,19.02852757604164,17.52463355671454,False,0,1.6,68,0.0
2015-01-10 01:38:20.767648+00:00,64.12369202152225,-21.96105543042973,64.40081794807952,65.29902287758433,0.6477322161515815,False,100,12.0,84,0.0
2015-01-10 05:00:04.907541+00:00,56.7191248011583,-111.40651583179952,63.987037316349344,-49.51283551433914,19.45127223850981,True,0,9.4,70,0.0
2015-01-10 23:34:55.874250+00:00,41.78224689709056,-71.3651054418524,50.44283789604116,8.169393235682017,18.76624736820333,False,0,8.7,47,0.0
2015-01-11 14:59:50.396428+00:00,53.52877282212386,-113.53250510422346,60.49653146019483,-51.33414166533141,6.670711670529951,False,54,9.7,82,0.0
2015-01-12 07:08:50.775625+00:00,51.15653156322976,-115.61152824860116,57.76752310278581,-53.27394334084816,22.68466235478072,True,1,8.7,89,0.0
2015-01-12 11:48:43.489264+00:00,61.13195721051895,-149.7628024042208,60.998720793560096,-92.45437685855616,0.8466622175218372,True,36,7.0,91,0.0
2015-01-13 02:50:11.356141+00:00,64.18290625198588,-149.51655852530365,64.19454654934344,-93.84228346057314,15.38800330924006,True,44,11.7,91,0.0
2015-01-14 12:50:29.258880+00:00,61.61950151891885,-149.84483327843716,61.48781733928801,-92.76092176806374,1.8745614068430712,True,59,5.6,93,0.0
2015-01-15 14:22:30.195683+00:00,61.6285197429519,-149.8244021217037,61.50077683030611,-92.7471432940349,3.3950170807078965,True,97,8.0,91,0.2
2015-01-18 16:51:32.335952+00:00,67.58825081207229,24.155965142552343,64.55586173981057,104.41494015289368,18.774647673068813,False,36,14.8,79,0.0
2015-01-18 19:46:51.596795+00:00,67.58726912352573,24.105951246398803,64.55650871940146,104.37322462867884,22.22193368384678,True,4,13.3,87,0.0
2015-01-18 20:49:50.188742+00:00,67.60149510668099,24.14193143800692,64.56993399892387,104.4111265701722,21.743470261112552,True,1,12.9,87,0.0
2015-01-18 21:05:13.332951+00:00,68.40497474821248,27.393889141546484,65.28893120204658,107.56351736453992,22.91715852941487,True,4,9.8,86,0.0
2015-01-18 21:52:32.328588+00:00,64.95230632474157,-19.06429257759718,64.92946727718174,68.17484817532855,21.019159818001192,True,100,21.9,84,0.0
2015-01-18 22:11:04.700254+00:00,68.41581172414925,27.393483896310084,65.29996458413297,107.5696942469,23.88969199542624,True,10,10.2,86,0.0
2015-01-20 20:54:37.088009+00:00,65.44872613843704,19.33113660461889,62.50151681507084,99.2593729187903,23.82659509115966,True,100,7.9,85,0.0
2015-01-21 10:34:48.101971+00:00,61.19606592352987,-150.05069988035635,61.0132514010169,-92.73287929281668,23.433833195941887,True,57,2.6,87,0.0
2015-01-21 13:35:17.632040+00:00,61.18614939788969,-150.0300579567679,61.00669456519204,-92.71011144989151,2.5911767275181266,True,43,8.9,88,0.0
2015-01-21 15:57:29.249195+00:00,67.59311067549841,24.1270645664774,64.56209469217035,104.39290538680712,17.655123384060126,False,57,4.4,78,0.0
2015-01-21 17:57:51.769468+00:00,67.58854654591299,24.120984170152152,64.55761575056104,104.38520306013284,19.413466448795816,True,63,5.0,79,0.0
2015-01-21 19:04:09.508107+00:00,68.31408526606621,27.28548957510498,65.20005588353501,107.41858787543096,18.52259947574662,True,0,7.4,71,0.0
2015-01-21 19:05:26.487713+00:00,68.1143091766105,13.813361481484275,65.52851459989598,96.38649517703708,18.88021925658943,True,24,17.9,80,0.0
2015-01-21 19:41:27.112344+00:00,68.41277835834453,27.38023156841703,65.2975888287414,107.55588538264358,19.404592854934776,True,2,10.4,71,0.0
2015-01-21 20:39:47.722683+00:00,67.82289614737809,20.54739236379075,64.92642712372323,101.60925751531887,20.598826130552435,True,0,3.8,76,0.0
2015-01-21 21:42:57.905674+00:00,68.65005444468704,27.51160801698264,65.53469217550342,107.80821928898222,19.20264750604787,True,0,10.5,75,0.0
2015-01-21 22:13:17.822714+00:00,68.40503689627421,27.406545977467417,65.28895357373203,107.57282541106488,23.886710381183224,True,0,10.4,74,0.0
2015-01-22 10:59:25.148838+00:00,61.1940890362438,-150.0664896678724,61.00837233306165,-92.74532514782574,23.680590257664218,True,1,5.1,73,0.0
2015-01-22 14:01:33.866027+00:00,61.1459827954772,-149.7378554883666,61.01758790101064,-92.43560304130584,2.85393206002383,True,15,4.3,82,0.0
2015-01-22 20:05:22.972182+00:00,68.90465393498926,26.99129053239456,65.80931365928586,107.53900369007118,20.9926525603315,True,95,13.2,82,0.0
2015-01-25 20:25:58.320256+00:00,66.48663193464768,25.68939111297783,63.37757082851172,105.06679955712546,22.74616182056038,True,35,10.3,90,0.0
2015-01-26 08:05:09.273166+00:00,65.12315034534973,-147.52644595432005,65.50949925415432,-92.67079616823888,20.95799023004171,True,76,4.6,74,0.0
2015-01-26 08:49:58.394573+00:00,65.11232286551683,-147.49496167254267,65.50390252901106,-92.63637422180622,21.45027608009132,True,76,4.6,74,0.0
2015-01-26 09:48:17.588693+00:00,61.002021579356175,-149.6956463082277,60.8764299760078,-92.32893128351736,22.19211406208376,True,54,5.9,80,0.0
2015-01-26 10:22:25.840717+00:00,52.43742596638592,-109.17119880367348,60.17041087746578,-45.44698962125063,2.04543871123529,True,47,10.6,81,0.0
2015-01-26 18:49:31.390174+00:00,52.42696460387823,-109.18652233639143,60.15765763304416,-45.46471863936203,1.3163949050274475,True,12,7.1,81,0.0
2015-01-26 18:50:45.155806+00:00,52.43478906399992,-109.15869485596195,60.16986195584021,-45.43000211008544,1.3187093403125534,True,12,7.1,81,0.0
2015-01-26 20:56:25.078514+00:00,66.03199357416585,17.8622842295735,63.16840648648022,98.3687267807835,22.058081179993405,False,44,9.4,93,0.0
2015-01-26 23:09:26.740100+00:00,66.02992987343458,17.875992313137296,63.16571144965584,98.37873147759764,0.0117498369350492,False,9,11.4,92,0.0
2015-01-27 19:16:20.323003+00:00,66.04131761501066,17.885487750248725,63.17727280472028,98.39282443414068,0.2597023794049562,False,93,11.0,91,0.0
2015-01-28 07:53:47.002737+00:00,43.68962495762318,-80.38798808539552,53.45084642218955,-4.218528946920844,2.0814718432697425,True,0,14.0,69,0.0
2015-01-28 07:54:52.689814+00:00,43.689447493703135,-80.39199900849466,53.4509795809109,-4.224253184125025,2.081090227456132,True,0,14.0,69,0.0
2015-01-28 10:18:54.340936+00:00,61.193454604535,-149.97875189904593,61.0233645202586,-92.66637512983642,23.131163079222983,True,97,9.2,77,0.0
2015-01-30 21:33:17.962437+00:00,67.14683496902218,26.83998323001863,64.02304117559214,106.3777153824062,21.87106244777524,True,100,7.9,88,0.2
2015-01-31 01:29:15.981172+00:00,64.14670996432092,-21.97450936878606,64.42609732685618,65.29063471712125,18.65070081113159,True,57,14.5,75,0.0
2015-02-01 03:01:03.344850+00:00,22.60788741469293,120.69426147700734,16.369893946216024,-166.41431182593203,10.492321869446627,False,62,10.5,67,0.0
2015-02-01 16:55:36.613465+00:00,61.46609348453028,-148.79795717531127,61.51740984670561,-91.76264000154724,4.952351038348569,True,0,6.3,36,0.0
2015-02-02 00:33:29.268351+00:00,44.73538427015716,-73.45603436541234,53.67862280234951,5.585780898670683,19.07554471411072,False,0,6.1,66,0.0
2015-02-02 03:19:27.267280+00:00,64.11364277245852,-21.977214555337707,64.38997538849193,65.26828248933276,22.06123332579123,True,59,22.4,86,0.0
2015-02-02 06:43:12.157989+00:00,56.72364004786484,-111.39390697039964,63.99077786195113,-49.48970261218659,20.661098639721963,True,2,7.8,82,0.0
2015-02-02 07:31:04.446096+00:00,61.20940962097442,-149.92028529705033,61.05027967074462,-92.6212461251452,19.37282119815703,True,4,4.8,84,0.0
2015-02-02 11:07:21.698838+00:00,62.3294407148438,-150.11196286235582,62.174276182450114,-93.34135823630008,18.528631948550736,True,1,9.1,74,0.0
2015-02-02 11:08:17.700768+00:00,62.31084865551047,-150.09993415137748,62.157169592763495,-93.32143164533088,18.529960387948684,True,1,9.1,74,0.0
2015-02-02 14:31:03.989407+00:00,22.61209431774369,120.69272316803962,16.37461893808552,-166.41547875607537,22.56602251135249,False,23,4.6,92,0.0
2015-02-03 09:57:11.260943+00:00,61.20175352316737,-150.01818975057253,61.02482155518946,-92.70253842910948,22.595763517427475,True,5,7.6,85,0.0
2015-02-05 13:49:21.904028+00:00,55.28036356487714,-114.81294740136096,61.9854105821551,-53.44376204962127,21.449657362989736,True,100,7.2,68,0.0
2015-02-07 11:51:17.399384+00:00,61.4468234704712,-148.84380799827488,61.48916397779475,-91.7913804013591,0.4213253817944338,True,0,8.5,24,0.0
2015-02-07 12:03:59.689169+00:00,62.22394105314379,-150.11988669347835,62.06369719885312,-93.29252066172806,23.282185427119337,True,0,18.0,45,0.0
2015-02-07 15:21:38.998161+00:00,61.57623491253359,-149.12672911120077,61.57164333506704,-92.10304726264752,3.2368766774587474,True,1,11.3,50,0.0
2015-02-07 16:25:47.503110+00:00,61.46115424915736,-148.80555556024095,61.51086403304332,-91.76467396683616,4.917197879457306,True,21,8.5,32,0.0
2015-02-12 20:48:57.969683+00:00,68.4094744353711,27.39925244933078,65.29611259117233,107.56116849762714,21.261493632419747,True,0,19.2,71,0.0
2015-02-13 22:07:49.932615+00:00,68.40050598864029,27.40172889250365,65.28703089369654,107.55743764831492,21.02384819807398,True,0,13.0,80,0.0
2015-02-14 08:19:09.945248+00:00,69.02949509003636,20.75317949862465,66.16259152450074,102.55014866755398,22.38821175351407,True,93,8.4,77,0.0
2015-02-14 20:24:11.299592+00:00,66.04915276029095,17.883485627152012,63.18703486115968,98.38797587677703,21.629087962464723,False,3,4.4,88,0.0
2015-02-15 18:50:38.724708+00:00,68.9452763604766,27.57378582740134,65.83513442382574,108.03273434242956,20.822219440470647,False,100,23.7,72,0.0
2015-02-15 19:55:08.302353+00:00,52.06582547470031,5.379911529603857,47.9943113922476,82.54368752200006,21.547024311329427,True,0,12.7,88,0.0
2015-02-17 00:47:55.381082+00:00,64.0550470466436,-20.64633974390104,64.14699956655515,66.32810843578707,23.940134225811324,True,79,20.1,69,0.0
2015-02-17 03:12:39.833345+00:00,56.70147413882189,-111.3815541033066,63.96950454751655,-49.46162834790551,17.783922987393396,True,0,8.6,68,0.0
2015-02-17 06:34:04.626720+00:00,52.42691180621843,-109.16500666150424,60.15861041577264,-45.42998498471884,20.65741718023624,True,1,12.3,79,0.0
2015-02-17 11:36:56.593932+00:00,64.84290416142855,-147.81749978801295,65.17042974744359,-92.74190217466082,21.807558450539524,True,23,10.0,78,0.0
2015-02-17 11:37:49.969131+00:00,64.83628844997482,-147.83539502464745,65.16049548291102,-92.75347637080132,23.799402171141047,True,23,10.0,78,0.0
2015-02-17 12:44:32.423473+00:00,61.32385920682838,-149.56794931630876,61.23158275601813,-92.36293661031954,23.31144474571739,True,61,7.2,85,0.0
2015-02-17 12:45:54.185284+00:00,61.19699218495836,-150.03165738498862,61.017350314717945,-92.70686846298612,0.8464821013304036,True,32,14.0,78,0.0
2015-02-17 18:52:45.688164+00:00,64.94279513573353,-147.6370199837688,65.30466045798252,-92.64528688576208,23.29262139402122,True,70,5.4,83,0.0
2015-02-17 19:04:19.447413+00:00,64.8359296781299,-147.73817267383538,65.17717418786837,-92.668192557864,18.27872467989297,True,1,7.9,84,0.0
2015-02-18 01:34:53.072917+00:00,56.3418761332903,-94.72345598756996,65.61377926508847,-25.617444296986573,18.071074279705133,True,98,15.0,66,0.0
2015-02-18 04:45:45.296470+00:00,56.71608924904091,-111.42133665731508,63.97697772807027,-49.51801671994857,20.131099337374067,True,90,9.5,78,0.0
2015-02-18 06:29:36.952140+00:00,65.10217413029638,-147.51471229122546,65.4896798313982,-92.63690037619092,19.05991663574923,True,0,6.4,81,0.0
2015-02-18 06:53:46.737988+00:00,61.30394849258111,-149.577987178541,61.20920447456856,-92.36181121138874,19.59658258001808,True,52,5.5,90,0.0
2015-02-18 07:00:31.931281+00:00,61.191302456015926,-149.73616432708263,61.064430130128194,-92.446027407138,19.59096816696813,True,49,4.5,83,0.0
2015-02-18 08:17:57.384905+00:00,52.42253271933709,-109.18704975678732,60.15060991263325,-45.45758552757136,21.68508774228868,True,41,8.3,83,0.0
2015-02-18 08:20:02.885881+00:00,52.428292567041424,-109.18303074713924,60.15691401069413,-45.45362180084157,21.685351990737328,True,41,8.3,83,0.0
2015-02-18 08:22:24.435262+00:00,61.222616806170535,-149.65375612013378,61.1115802303835,-92.38898032836204,20.60872994182877,True,51,4.5,85,0.0
2015-02-18 08:38:47.104005+00:00,65.09776850572847,-147.47235689959493,65.49257633059399,-92.59693677148142,21.33109158789982,True,0,7.1,78,0.0
2015-02-18 08:52:36.741886+00:00,64.94559327845464,-19.0459335299074,64.9176794157618,68.16996885900322,8.291003515852749,False,89,34.4,85,0.3
2015-02-18 09:47:23.530310+00:00,61.13867996142529,-149.72765063101315,61.01159462333712,-92.41344113803308,22.31145338613168,True,57,4.0,86,0.0
2015-02-18 11:38:13.700970+00:00,61.14683525529216,-149.7507776595908,61.01586451402676,-92.43751083505217,23.81863496450032,True,49,2.6,89,0.0
2015-02-18 15:37:18.864603+00:00,64.8569568441109,-147.66795352376036,65.21107314506953,-92.61903915256944,21.813242374455527,True,17,5.6,81,0.0
2015-02-18 20:08:23.401690+00:00,64.8469277172375,-147.84084261636076,65.17045895132311,-92.76435381410938,22.28805920772659,True,2,4.5,78,0.0
2015-02-19 02:15:59.265431+00:00,65.17147787395037,18.73368461570779,62.2344083585188,98.6107795873709,3.1365585909190834,True,95,16.2,97,0.0
2015-02-20 13:07:34.082711+00:00,61.14650330240024,-149.7517072448231,61.01533293096594,-92.43741391888652,1.373793205580137,True,100,5.4,89,0.0
2015-02-20 14:08:45.489691+00:00,38.903242682089584,-77.09355997633969,48.48862262113749,0.0977075454358451,9.04953482251787,False,0,12.9,49,0.0
2015-02-21 10:10:13.099255+00:00,56.70079282053853,-111.4256313549171,63.96103428457357,-49.51800208169165,20.13618097763501,True,46,7.7,80,0.0
2015-02-21 18:11:07.871219+00:00,64.06121523758989,-21.994520027813657,64.3330815947017,65.21433533950064,20.183192616156628,True,100,14.8,59,0.0
2015-02-21 18:12:16.446862+00:00,64.04475565491148,-21.98805977002701,64.31412567987763,65.21029138254573,20.1829230190263,True,100,14.8,59,0.0
2015-02-22 22:03:52.186150+00:00,65.16924802737338,18.727797917888445,62.23257966894107,98.60329875155573,23.402042828286405,True,1,7.8,89,0.0
2015-02-23 01:01:35.127423+00:00,47.42683985012453,-92.95657756807525,57.15427141154633,-22.310517472063367,18.321403549464563,False,0,14.2,69,0.0
2015-02-23 01:46:22.520390+00:00,-37.74214784031261,176.14653068884607,-43.45663222313431,-101.35726354459928,11.056460142419022,True,86,15.9,78,0.0
2015-02-23 12:34:21.163078+00:00,69.64383999534853,18.901958756478297,66.87255103633703,101.49803371306058,14.294140001943244,True,20,6.5,88,0.0
2015-02-23 12:38:09.156373+00:00,63.5909072695985,8.959219752706355,60.96876817569478,89.82241364208818,10.950720310199772,True,95,23.5,58,0.0
2015-02-24 04:15:20.515814+00:00,43.66663949080039,-72.32037944074867,52.44625070722956,7.050041727742497,23.40706672012025,False,0,8.7,74,0.0
2015-02-24 10:13:59.911429+00:00,61.1944733648091,-150.0557297674309,61.01037153948849,-92.72412624692984,22.776975960981027,True,2,6.8,87,0.0
2015-02-25 00:20:29.914588+00:00,68.33692467482432,18.80239387752879,65.53120266481318,100.5125365973845,23.305578901916505,True,100,5.1,92,0.1
2015-02-25 03:47:18.802545+00:00,55.73811082806306,-97.89389105139,64.8006549851592,-30.2902749378467,23.21438988929091,True,100,13.7,73,0.0
2015-02-25 03:51:59.882374+00:00,63.11244125385188,-151.19800874309567,62.79524960396517,-94.67759402398704,1.2132820650829892,True,5,1.3,85,0.0
2015-02-25 14:15:52.910988+00:00,62.30872428080637,-150.1476926008546,62.14632443515165,-93.35322091970173,22.73503631612957,True,11,6.6,87,0.0
2015-02-25 14:19:00.495813+00:00,61.62028278063016,-149.8429856777052,61.48853430007867,-92.7444794514528,21.06658518811465,True,37,1.8,81,0.0
2015-02-25 16:50:01.533115+00:00,48.20215329061,-116.55419463318752,54.64384353675136,-53.64485801352529,22.171988817091243,True,0,1.5,86,0.0
2015-02-25 19:02:23.820575+00:00,61.52789653708316,-149.05608773542846,61.53426366979779,-92.01072046593715,0.6180138810063838,True,60,2.6,91,0.0
2015-02-25 19:12:00+00:00,62.474876,-114.408995,69.03210218191802,-55.64819778313349,22.797496379375907,True,1,6.9,72,0.0
2015-02-25 19:12:00+00:00,64.7418687,-147.3331394,65.15170602986805,-92.25160177410388,3.836244846209313,True,83,0.8,93,0.0
2015-02-25 19:12:00+00:00,61.5729469,-149.4245176,61.51452412399716,-92.35591753806128,22.801523208238933,True,28,2.5,93,0.0
2015-02-25 19:12:00+00:00,62.137167,-145.7133916,62.7719409415087,-89.3460368321472,20.800958772722208,True,22,8.4,92,0.0
2015-02-25 19:12:00+00:00,60.536197,-150.8010705,60.19646900433912,-93.06492607207824,19.287301493552768,True,1,4.9,85,0.0
2015-02-25 19:12:00+00:00,60.720561,-151.2111984,60.31429419734867,-93.505342325179,20.02326634652103,True,0,7.2,80,0.0
2015-02-25 23:29:29.242843+00:00,21.3021264559121,-157.86039106311034,21.312340297079345,-88.90275594965512,12.15533341468949,False,100,20.8,60,0.0
2015-02-26 19:19:58.205777+00:00,60.5352048152013,-150.78777935429449,60.19780690620981,-93.05256088744294,20.552101648329327,True,96,3.1,61,0.0
2015-02-28 06:19:29.249691+00:00,53.89259252472336,-110.92791281516328,61.30230821308931,-48.08224154838631,22.03113232679342,True,0,11.6,81,0.0
2015-02-28 06:31:48.002161+00:00,51.79152777313778,-114.10995557404324,58.67264344155296,-51.5811196982674,22.05439893067516,True,6,9.4,82,0.0
2015-02-28 07:45:27.846427+00:00,52.43268833037036,-109.16089430421108,60.16367950503026,-45.42260241614755,21.951586218356127,True,68,12.2,84,0.0
2015-02-28 08:59:28.564453+00:00,33.20856932093563,-87.57237975819379,43.49813276754146,-14.7264622746668,2.751889893326537,False,85,12.0,50,0.0
2015-02-28 20:58:14.649624+00:00,64.11800523648076,-21.974708684960525,64.39208406719011,65.25930155838013,19.99819484279566,True,0,13.4,72,0.0
2015-03-01 00:14:22.438352+00:00,64.93863823147417,-19.04493279845436,64.90920414737008,68.16101506399335,23.391124675941043,True,82,10.4,93,0.0
2015-03-01 02:09:40.102465+00:00,53.89243708896185,-110.90718862685291,61.30555292539801,-48.055013517775066,17.67786898081676,True,3,13.6,77,0.0
2015-03-01 02:24:23.116338+00:00,38.89524639304515,-77.20577739795992,48.49189083169965,-0.0570126456899562,21.13896569533518,False,3,9.7,57,0.0
2015-03-01 05:13:53.100328+00:00,64.83326215306458,-147.74931738118713,65.17230237431419,-92.67095554989088,17.7842794505035,True,99,25.2,74,0.0
2015-03-01 05:24:48.836205+00:00,53.8921067206708,-110.91432907888864,61.304013244217714,-48.064169355532506,20.75806519679406,True,5,10.4,82,0.0
2015-03-01 05:28:38.125312+00:00,53.8859512950808,-110.9035331231414,61.29979902098637,-48.04855376860073,21.012115417517663,True,5,10.4,82,0.0
2015-03-01 05:47:39.309802+00:00,63.85259497017044,-149.03083913377247,63.93793981958815,-93.21134729250886,17.748253334328968,True,55,13.3,87,0.0
2015-03-01 05:59:18.857005+00:00,53.61464250178813,-113.64688982428898,60.55564592551404,-51.48677081945375,21.29257622274765,True,8,9.5,81,0.0
2015-03-01 06:10:20.803312+00:00,53.34522359055104,-113.76870966803996,60.26840223896738,-51.56636424895197,20.77759471882758,True,4,13.0,82,0.0
2015-03-01 06:41:45.138416+00:00,53.53172085564475,-113.52249972158664,60.49634146238216,-51.30732811120114,21.817323815052585,True,12,11.7,82,0.0
2015-03-01 06:43:08.514935+00:00,53.54334884630151,-113.49792064396068,60.51219297835031,-51.27950509831064,21.819178682578613,True,12,11.7,82,0.0
2015-03-01 06:49:08.707832+00:00,64.82510800547148,-147.7586391168523,65.16229021664041,-92.6740976761014,19.315755168126053,True,98,25.7,71,0.0
2015-03-01 07:11:03.383973+00:00,64.83528160212506,-147.72246344638688,65.17908562696948,-92.64863946795144,18.804699766892487,True,64,24.7,68,0.0
2015-03-01 07:17:10.232688+00:00,61.31180821537252,-149.57044461728972,61.21855727131921,-92.35494986382854,20.09859316648652,True,53,1.8,89,0.0
2015-03-01 07:18:19.256410+00:00,48.05951135037885,-97.16282038980717,57.456328262177934,-28.350077463894262,0.1133043083636202,True,0,11.9,77,0.0
2015-03-01 07:20:00+00:00,61.8085755,-149.7383428,61.70176334002528,-92.74414336967654,20.07264693276332,True,31,1.8,90,0.0
2015-03-01 07:42:55.637798+00:00,51.81369582767282,-113.23715538901192,58.85341049646876,-50.498668485313466,23.139440285668087,True,4,12.6,81,0.0
2015-03-01 07:55:02.454103+00:00,64.89880974842889,-147.8295229042346,65.22558671994297,-92.78143804214044,20.5691302955414,True,60,23.0,71,0.0
2015-03-01 08:01:05.955979+00:00,61.13218891416516,-149.84837420135835,60.98309938055832,-92.5118200829124,20.587104826156605,True,18,2.6,90,0.0
2015-03-01 08:09:05.146793+00:00,63.86027757012653,-149.0236663343845,63.94712145903752,-93.20942534964745,20.292056494712487,True,63,8.4,87,0.0
2015-03-01 10:00:02.444726+00:00,52.43135430968035,-109.17432540554158,60.16006825384159,-45.43960300519827,22.974002605610018,True,16,11.6,86,0.0
2015-03-01 11:14:39.694346+00:00,62.299249110683405,-150.1307806064654,62.13946064315263,-93.33179856857686,22.73909460720849,True,28,4.8,92,0.0
2015-03-01 15:09:08.145321+00:00,51.20879353211071,-114.47690745989382,58.027995307375306,-51.884908676517576,21.522281819654744,True,99,5.9,76,0.0
2015-03-01 16:01:05.951128+00:00,61.57848091018407,-149.47671208409284,61.51082159684739,-92.40242626199964,21.33028162100851,True,19,4.3,79,0.0
2015-03-01 21:59:21.449595+00:00,40.3586750827826,-74.95780026467145,49.61788272229996,3.164891373564901,16.846682308225013,False,100,8.3,86,1.4
2015-03-02 00:06:39.454537+00:00,45.67108710298355,-111.10806187637333,53.13990745159505,-46.49252818324288,23.156087945192223,True,7,7.1,46,0.0
2015-03-02 04:49:23.403503+00:00,38.95879612023344,-77.02042227531432,48.53107154930722,0.2049579492665685,23.47586987314888,False,81,7.4,97,0.0
2015-03-02 05:05:07.284298+00:00,53.87864156349071,-110.9257741257385,61.28878199398347,-48.07526838817886,20.76019625670476,True,29,16.8,80,0.0
2015-03-02 05:09:51.124035+00:00,48.19950600958536,-116.55584187266116,54.64053690079509,-53.64487697701072,21.9177032147321,True,92,2.0,62,0.0
2015-03-02 07:27:30.337994+00:00,48.064979008242766,-97.20649626986132,57.45748177589571,-28.41194763659908,0.1097126908595065,True,43,9.4,80,0.0
2015-03-02 07:28:22.802855+00:00,61.97610282094432,-132.48365702288007,65.15985549096033,-76.49738873775937,20.6503091207081,True,0,6.8,69,0.0
2015-03-02 08:39:14.703575+00:00,52.283377522160016,-109.36804265982272,59.98316407696534,-45.65945948950827,19.914447436939525,True,68,16.2,80,0.0
2015-03-02 18:39:38.009192+00:00,62.30837977222923,-150.12360170138712,62.15016524491971,-93.32990175361616,18.76097537511474,True,91,7.9,68,0.0
2015-03-02 23:32:12.526152+00:00,35.744911231240444,-78.87143908676994,45.62610745985666,-2.608325520791204,18.19424067283752,False,66,8.1,67,0.0
2015-03-05 21:51:55.346264+00:00,64.87216716914314,-146.86950321090376,65.36736527765271,-91.92712909448927,20.39761645916824,True,100,2.3,67,0.0
2015-03-06 00:24:24.903988+00:00,33.90819857840934,-118.13833183044372,39.9771588739247,-52.22937749284822,9.484844963779995,False,0,8.2,30,0.0
2015-03-07 06:37:12.294941+00:00,51.78990759631636,-114.1091165727973,58.67055019377956,-51.57762204511442,22.06450123488769,True,10,8.9,81,0.0
2015-03-07 08:01:58.241381+00:00,52.43406598678273,-109.19536456879102,60.158624559323954,-45.46602569118481,21.96281717050274,True,39,15.3,93,0.0
2015-03-08 14:06:07.410674+00:00,61.18519417509084,-150.0111636800123,61.00863292452442,-92.67640286383272,4.483870855433262,True,56,12.4,72,0.0
2015-03-09 15:05:33.866842+00:00,59.40623560976801,-126.14437511084672,63.8673209869381,-68.42361133380585,18.90063192094405,True,96,9.4,78,0.0
2015-03-09 20:53:18.013246+00:00,64.1262849054805,-21.972860689794008,64.40091520939023,65.26552832614108,22.95035524019944,True,95,11.0,87,0.0
2015-03-09 22:46:42.970846+00:00,67.77766991625053,24.837651487748737,64.7331746245185,105.06698752614172,23.216487490131776,True,6,18.7,75,0.0
2015-03-10 10:15:40.932152+00:00,61.19330229939235,-150.01669204796812,61.016006871749,-92.6844449276554,22.80181203740326,True,0,16.4,55,0.0
2015-03-10 13:14:09.273597+00:00,61.31095766268291,-149.58028758788623,61.21581054221104,-92.3597814419115,23.839123393855164,True,0,4.9,57,0.0
2015-03-11 06:02:13.135332+00:00,65.11773840444906,-147.5035706490681,65.50728165602362,-92.62731934408176,18.830058759685333,True,2,8.9,75,0.0
2015-03-11 08:10:34.286956+00:00,65.10779435649908,-147.492345259489,65.49904142586064,-92.6112016462474,20.835854891724523,True,8,10.4,75,0.0
2015-03-11 09:25:14.548414+00:00,61.18259851140064,-150.05269593760897,60.99849189850816,-92.71037772175345,21.81012847844545,True,0,12.4,52,0.0
2015-03-11 12:42:14.883231+00:00,61.14651092308429,-149.72287259952225,61.02031931114318,-92.40530920209416,1.101931015044567,True,8,4.2,70,0.0
2015-03-12 06:06:00.912585+00:00,61.20098935704812,-149.91022124748295,61.04299533124321,-92.59459265678716,18.83538295427044,False,0,10.2,47,0.0
2015-03-12 07:45:00.820415+00:00,65.1220215844646,-147.542256039781,65.50489101720903,-92.66345135093022,20.33994285057553,True,0,14.6,67,0.0
2015-03-12 07:48:45.209398+00:00,65.11613658904196,-147.50713793329507,65.50499792609698,-92.6289795518003,19.3394007667932,True,0,14.6,67,0.0
2015-03-12 09:14:32.777259+00:00,65.10728488349442,-147.5197280883499,65.49370911133063,-92.63443076874228,21.817667634683765,True,0,13.7,70,0.0
2015-03-12 10:02:25.225649+00:00,61.5932448467764,-149.13448508543513,61.58741194026025,-92.105921418248,22.84696934298824,True,0,3.4,53,0.0
2015-03-12 20:43:25.742163+00:00,40.84054873255123,-81.28093975409375,50.74727939110672,-5.631532444613804,15.126034835715869,False,31,8.4,43,0.0
2015-03-13 10:14:08.466112+00:00,64.87607611157706,-147.51831579175584,65.25662292539862,-92.48914807874212,22.82497920589984,True,5,11.6,71,0.0
2015-03-14 06:07:15.293368+00:00,58.737142632645295,-93.8567530506364,67.92458125312535,-24.581313601768795,23.37621340461684,True,91,4.1,85,0.0
2015-03-14 07:14:27.203443+00:00,65.16607334954709,18.712763654455447,62.23128162995351,98.5819686115748,23.557049921477912,True,2,12.3,90,0.0
2015-03-14 19:49:12.657650+00:00,64.10754343739853,-21.90593532584125,64.37062474276681,65.30631137063986,21.78615636208488,True,99,27.6,89,0.2
2015-03-15 02:10:13.230622+00:00,67.86743816480329,13.008015266009387,65.3150980556259,95.55534154784814,23.610393867800667,True,0,32.6,78,0.0
2015-03-16 06:34:43.188391+00:00,59.95240344848135,30.20627044760769,56.522253286554886,106.24796920701364,7.601777408410306,False,0,6.0,87,0.0
2015-03-16 06:46:50.841883+00:00,64.88924251403648,-147.85486695336326,65.21110464737274,-92.7910223014869,19.34011882219016,True,78,15.3,62,0.0
2015-03-17 05:39:09.210083+00:00,55.433377448906455,-116.50109798248288,61.82115402154738,-55.57714706830829,20.81754212784562,True,0,8.6,59,0.0
2015-03-17 05:39:58.525631+00:00,53.93058123549649,-116.59986829547292,60.3225786276938,-55.24031387767364,20.27965556198465,True,0,5.4,67,0.0
2015-03-17 06:24:19.321700+00:00,51.27756486110087,-114.02811683226214,58.177585885165286,-51.34359996897308,21.854651733184834,True,88,11.7,85,0.0
2015-03-17 06:44:06.132822+00:00,65.11948049824056,-147.4970979897706,65.51011004725939,-92.6199886215716,19.354652059712297,True,86,17.8,56,0.0
2015-03-17 07:08:59.034114+00:00,51.23068550136059,-114.19624808683275,58.1001937864981,-51.53967748338116,22.093339468924995,True,92,5.8,85,0.0
2015-03-17 07:10:57.713373+00:00,51.28506819468736,-114.0231933355173,58.18591604562967,-51.339390307202,22.60827804056637,True,94,8.7,85,0.0
2015-03-17 07:44:15.167934+00:00,52.26460718635369,-113.82371850468525,59.19094244362751,-51.3426863790063,23.105891610525184,True,33,12.6,85,0.0
2015-03-17 08:25:26.360094+00:00,51.289711061132685,-114.0217770533882,58.19076950808612,-51.33880044914809,23.353639090761227,True,95,9.0,83,0.0
2015-03-17 09:42:56.972970+00:00,51.044969770438016,-114.07280906034556,57.939051096464695,-51.34034606221631,22.106628230335986,True,68,10.1,81,0.0
2015-03-17 13:39:02.527712+00:00,52.33464925537251,-110.30404807089069,59.87661256620154,-46.88488682424566,2.8945536654992416,True,83,7.8,88,0.0
2015-03-17 17:40:45.947137+00:00,51.172192102949694,-114.49915301049832,57.986189761157576,-51.89839617164857,22.069424889707165,True,98,11.7,69,0.0
2015-03-17 18:25:39.604503+00:00,47.4410339342327,7.576114204696838,42.31689115223637,83.23809639380835,18.844124046827005,False,29,7.8,73,0.0
2015-03-17 18:27:08.908118+00:00,41.666699405553,-81.07493565707792,51.531424756437,-5.294332074887489,12.94196214891395,False,9,25.8,52,0.0
2015-03-17 18:38:10.872336+00:00,41.400902555610266,-83.67682745263909,51.41418226391948,-8.998535286419674,12.952814878865013,False,4,19.8,34,0.0
2015-03-17 18:41:56.239231+00:00,60.25964871099886,17.622236993833262,57.03198953938186,95.4876071225186,19.918557706127565,False,77,11.3,90,0.0
2015-03-17 18:47:25.898969+00:00,51.54601170898003,9.837997405523648,47.3060642894579,86.14015596521271,19.5502723391399,False,0,7.6,76,0.0
2015-03-17 19:14:59.270485+00:00,59.31996346904583,18.06395580808544,56.00229901747264,95.5132518301327,19.92026735330184,True,11,13.2,78,0.0
2015-03-17 19:39:41.013199+00:00,50.60988016786183,7.109716922043487,46.2087112245473,83.59287004122265,20.13170875830277,False,0,6.2,66,0.0
2015-03-17 20:10:27.588140+00:00,52.37703281221453,-113.19157605526716,59.416215400562535,-50.58021734864495,21.653586924510613,True,0,18.7,60,0.0
2015-03-17 20:19:44.650991+00:00,59.903363464344864,10.742227475892358,56.85175684217821,89.60448029368715,21.273508967937254,True,91,7.1,91,0.0
2015-03-17 20:21:02.861414+00:00,52.39412871326421,-113.19844396169016,59.43184470481299,-50.59323936491489,22.407638305787337,True,0,18.7,60,0.0
2015-03-17 20:40:37.326969+00:00,65.16454629014508,18.73716178698845,62.2291152219047,98.59974381630184,22.11948424705381,True,49,8.4,87,0.0
2015-03-17 20:54:08.518984+00:00,40.05888304264933,-74.76824408761583,49.29412373213246,3.402641783559688,15.773010778204336,False,86,29.3,46,0.0
2015-03-17 21:08:48.885248+00:00,51.55854017558652,9.80999919623632,47.321128227162426,86.11966003770578,19.8012309562722,False,18,8.5,86,0.0
2015-03-17 21:31:53.230947+00:00,59.4717248517133,17.867478497711755,56.17144332529653,95.40136080508964,22.890173573884983,True,64,9.3,81,0.0
2015-03-17 21:34:26.898440+00:00,54.46457194605758,-6.346729716929798,51.48596642218028,73.71407762551469,9.170117746105936,False,10,3.8,92,0.0
2015-03-17 21:41:09.403205+00:00,55.65061444079509,12.53843507906196,52.0336468025716,89.60009373279654,22.50342243573211,False,96,19.9,74,0.0
2015-03-17 21:45:00+00:00,57.717895,-3.279241,55.11528319887337,77.33230934154591,21.685570142982066,True,40,4.1,96,0.0
2015-03-17 21:48:38.769452+00:00,54.817284248254005,-5.743514033925679,51.864767867141566,74.31444108535828,20.992635810824595,False,4,2.6,86,0.0
2015-03-17 22:23:25.851729+00:00,59.66605746597559,10.522245393086145,56.59696010713528,89.32814509189681,22.97693977280744,True,100,6.8,94,0.0
2015-03-17 22:45:32.386749+00:00,59.36899960098172,13.469604766002874,56.170363427279085,91.66200754517448,21.90311481922725,True,100,11.4,82,0.0
2015-03-17 23:15:00+00:00,53.603085,-1.929023,50.143623975302056,76.99559533549912,23.1396336595214,True,0,3.9,96,0.0
2015-03-17 23:30:00+00:00,54.162181,-4.647782,50.9937422087585,74.9795819156385,23.005232764864022,True,14,12.4,83,0.0
2015-03-17 23:33:05.712262+00:00,57.43608325121348,-6.724224766350297,55.056831926501104,74.46239230651175,20.26403643545889,True,42,5.5,88,0.0
2015-03-17 23:35:10.190750+00:00,40.92805975738791,-74.1400618024549,50.04735293806185,4.336532009916525,17.310832234008753,False,0,23.7,37,0.0
2015-03-17 23:47:28.503555+00:00,53.867819073652775,-2.693888125132004,50.50911644001889,76.46022908507743,23.597177571523964,True,0,6.2,90,0.0
2015-03-17 23:48:58.742331+00:00,53.458812184213706,-2.2763069129753646,49.9890389492122,76.66962692014594,21.88719140317223,False,0,4.6,95,0.0
2015-03-18 00:05:52.377808+00:00,40.9203285736748,-74.1507478120118,50.04140897371383,4.321260681828216,19.281841374131915,True,0,23.4,33,0.0
2015-03-18 00:11:06.941051+00:00,38.25623429013296,-108.56741942637684,46.16105831437327,-42.102508733245486,22.973687014565296,True,16,14.6,37,0.0
2015-03-18 00:13:30.355052+00:00,40.2212585689964,-74.6652121054482,49.43703802427966,3.557583993148134,18.737001232062013,False,0,22.3,34,0.0
2015-03-18 00:26:45.838454+00:00,40.85193002846257,-73.20142836826632,49.82541834215063,5.611112385334025,19.36783148769897,True,0,30.8,43,0.0
2015-03-18 00:30:00+00:00,58.2131367,-6.3784126,55.93599000074082,75.04148176134218,23.00935942124428,True,54,7.4,95,0.0
2015-03-18 00:30:00+00:00,54.548501,-3.591408,51.3871499870002,75.9555881291544,0.3050363981802562,True,18,6.1,92,0.0
2015-03-18 00:42:36.651276+00:00,39.93389925805443,-74.93924364112931,49.1973192286352,3.1575018519139584,19.70010064170189,False,0,23.2,37,0.0
2015-03-18 00:57:51.031227+00:00,38.95341466482057,-75.82436925399399,48.368604512830665,1.859088010574638,19.862731785384533,False,0,25.2,43,0.0
2015-03-18 00:59:22.454059+00:00,39.05176003660612,-75.5115818146494,48.42116072913503,2.297633240776101,19.146932878061776,False,0,28.8,44,0.0
2015-03-18 01:00:00+00:00,54.503138,-8.201311,51.685766121639496,72.241413958081,0.5548868485516252,True,41,5.6,99,0.0
2015-03-18 01:14:02.553512+00:00,52.34556828584823,14.049470209155611,48.22944346084448,89.9498017865018,23.018383552447773,True,0,18.8,56,0.0
2015-03-18 01:17:08.226416+00:00,39.23529163370515,-75.72208844178391,48.62830803582576,2.0231048352991654,19.376204178589905,False,1,21.9,41,0.0
2015-03-18 01:29:07.178737+00:00,43.64342712223451,-85.27605232507015,53.6313643925867,-11.209226025167789,19.49332133623353,True,0,14.8,39,0.0
2015-03-18 01:34:32.964508+00:00,58.236572177765765,-6.663599229679561,55.98760178733135,74.8226194471749,21.026514368279035,True,21,8.7,95,0.0
2015-03-18 01:39:20.162501+00:00,40.03526528823034,-78.03282727151282,49.684669043735504,-1.1191599101020513,19.41498985756749,True,0,22.4,42,0.0
2015-03-18 01:39:48.177323+00:00,39.95091272487552,-75.15914513032419,49.24533361531802,2.856714880208901,20.68379869451052,False,0,20.5,34,0.0
2015-03-18 01:45:28.335615+00:00,39.84291642021386,-75.09563097748381,49.13131936318518,2.9350831785073885,16.97155515372966,False,0,23.2,34,0.0
2015-03-18 01:50:25.559101+00:00,43.07960999572232,-73.79171242975919,52.09610200710285,4.992687945539123,21.08010020191512,True,17,19.0,41,0.0
2015-03-18 01:56:02.810039+00:00,42.428917918621735,-71.6239311442581,51.10509180066348,7.885696651228567,21.019064145911827,False,0,23.5,47,0.0
2015-03-18 02:01:08.234431+00:00,39.587919096172826,-74.39519802430208,48.780073571598365,3.873944746354972,19.25202031176704,False,0,26.7,37,0.0
2015-03-18 02:16:31.031617+00:00,66.06451932613163,-18.66015828791033,66.08478009600296,69.18712992522246,23.606232657024865,True,1,3.4,97,0.0
2015-03-18 02:18:04.379482+00:00,44.754798163552245,-85.64451196193076,54.71304778343949,-11.71529936983905,20.22111371511693,True,0,6.1,65,0.0
2015-03-18 02:18:18.030491+00:00,47.89635536268181,-91.87576982987171,57.65870355809973,-20.76469325685295,19.873399831996203,True,7,14.4,64,0.0
2015-03-18 02:27:20.112538+00:00,45.73843107106587,-93.66203927275036,55.46870319307608,-23.23399075467194,19.9646939423155,True,100,10.2,43,0.0
2015-03-18 02:28:47.883126+00:00,42.49155613658481,-96.41998114984057,52.076347052477146,-26.90828664559285,19.463826939413543,False,88,6.9,46,0.0
2015-03-18 02:30:22.932466+00:00,42.98566762018631,-84.56366688030023,52.977411057415935,-10.206663468949111,19.812906804566648,True,0,12.5,35,0.0
2015-03-18 02:32:21.715479+00:00,41.20936294157375,-84.98086625828388,51.26852719362042,-10.856678880846708,20.53393412372995,True,0,16.9,38,0.0
2015-03-18 02:37:02.420783+00:00,53.53293298352059,-113.51678276940056,60.496865911977046,-51.29525583981633,18.093942936639205,True,11,15.6,80,0.0
2015-03-18 02:39:54.409717+00:00,42.49992133784749,-89.0349538011939,52.52130699714692,-16.591050467757086,20.407556628109823,False,0,8.3,41,0.0
2015-03-18 02:42:06.088164+00:00,53.33992347471536,-113.72910682630892,60.2686515193481,-51.50999763753824,18.07962681679108,True,83,14.7,78,0.0
2015-03-18 02:44:10.809842+00:00,45.47064380862177,-93.73595455566532,55.2033412273152,-23.3263299527071,19.44704500959239,True,100,9.1,39,0.0
2015-03-18 02:44:11.735546+00:00,43.074327078883854,-77.08215706478826,52.52719860894977,0.4252999813919064,20.01744331209584,True,58,21.4,64,0.0
2015-03-18 02:45:05.252624+00:00,39.75996919670154,-74.27155495780953,48.9287552969287,4.057736220157995,21.78414240730416,False,0,25.8,37,0.0
2015-03-18 02:46:51.022596+00:00,39.9241339993806,-74.90051206642886,49.182190081845945,3.2098851971429827,21.727619005769828,False,4,19.2,35,0.0
2015-03-18 02:48:52.412546+00:00,56.70170719151882,-111.3891927985252,63.96500669925478,-49.461799373922986,18.47198949433585,True,0,8.3,69,0.0
2015-03-18 02:50:30.496175+00:00,39.05332945308666,-75.5116068899568,48.42268800299302,2.297729215189818,19.146939276356026,False,3,25.1,41,0.0
2015-03-18 02:58:43.266820+00:00,39.71548885724195,-75.09992583133531,49.00796530463484,2.918639122017244,21.96401872739854,False,4,20.8,35,0.0
2015-03-18 03:01:25.727586+00:00,51.77699386889765,-114.14186105632396,58.65076446362731,-51.61174147823247,18.58391710146792,True,83,14.7,80,0.0
2015-03-18 03:06:01.204974+00:00,56.721425003218975,-111.39208386379782,63.9836999202492,-49.47157708198087,17.704028534307472,True,11,8.1,73,0.0
2015-03-18 03:06:13.021347+00:00,49.272902534956735,-96.52831502714066,58.68854086942897,-27.55058936896272,19.16542771517535,True,94,6.6,62,0.0
2015-03-18 03:07:24.678967+00:00,44.04765030479941,-79.47853102299683,53.71137414200606,-2.896142439363374,21.3205504966694,True,28,26.9,61,0.0
2015-03-18 03:08:29.515919+00:00,40.30782506894561,-76.88972210487768,49.81890023876286,0.4926026758538378,22.057540045073672,False,0,23.4,39,0.0
2015-03-18 03:16:30.031508+00:00,41.18599820617745,-74.45667633099983,50.34623315287014,3.923871555148353,21.77521809630352,True,0,23.7,48,0.0
2015-03-18 03:19:09.743903+00:00,41.18774269635754,-74.43152108458384,50.34421803534964,3.9585525499737577,21.77753016262521,True,0,23.7,47,0.0
2015-03-18 03:22:22.282650+00:00,41.33421008064337,-73.2209268531248,50.30013905262534,5.626238101903696,22.65405065548109,False,0,20.6,43,0.0
2015-03-18 03:23:35.283499+00:00,51.778888812715486,-114.12273922760296,58.65615114297049,-51.588516873024446,18.585465408481785,True,84,13.9,80,0.0
2015-03-18 03:41:22.867471+00:00,40.972561538282655,-74.08327724207979,50.08207197892508,4.418043068488636,22.31923607124932,False,0,20.7,44,0.0
2015-03-18 03:48:15.707008+00:00,40.30061227960525,-76.88435812924409,49.81125094778335,0.499511697554905,22.565222940991767,False,0,23.4,39,0.0
2015-03-18 04:08:26.100819+00:00,53.52996161005864,-113.51940454996668,60.49346500335371,-51.29773267611556,19.61364868888888,True,0,16.4,86,0.0
2015-03-18 04:16:05.431123+00:00,46.76226595660079,-71.34988542123514,55.32746140761786,8.643600763233934,21.83395276666866,True,75,21.7,57,0.0
2015-03-18 04:23:18.972370+00:00,40.96821184566508,-75.54666020218295,50.28840264782451,2.404832347910902,23.44278995612035,False,0,23.4,48,0.0
2015-03-18 04:26:24.391704+00:00,40.96904054847388,-75.56465978388783,50.29164423999608,2.380026708013423,23.44113624679385,False,0,23.4,48,0.0
2015-03-18 04:26:49.273513+00:00,44.91438830767919,-93.69605315893315,54.66424779460059,-23.24468845762083,20.219796888756,False,100,8.0,53,0.0
2015-03-18 04:30:00.399583+00:00,53.58396685248022,-113.39499595907265,60.56887723027976,-51.15545296952658,19.87210426829118,True,0,16.4,86,0.0
2015-03-18 04:30:24.395051+00:00,39.075604291194246,-76.70945872588695,48.60189888183347,0.6472412880778897,23.325617218798147,False,0,23.9,38,0.0
2015-03-18 05:07:44.021164+00:00,38.228373197035886,-78.12694528051627,47.94545887065873,-1.3831165441431317,23.935267324895285,True,31,16.3,32,0.0
2015-03-18 05:22:52.164590+00:00,61.3093822497607,-142.96734398565405,62.441181789813456,-86.40769646710736,18.266961996697667,True,66,1.8,73,0.0
2015-03-18 05:32:58.592924+00:00,51.70479971431333,-113.26875844556716,58.7385016015436,-50.50589790475527,20.66041523418781,True,98,7.6,83,0.0
2015-03-18 05:40:20.862021+00:00,44.48052241394814,-81.3831019667285,54.273939084237846,-5.592476742412415,20.629301890278704,True,4,22.7,73,0.0
2015-03-18 06:12:01.727430+00:00,51.29143752135855,-114.03239639778462,58.1904422927412,-51.35212162616142,21.354328052908592,True,99,7.7,89,0.0
